<?xml version='1.0' encoding='UTF-8'?>
<?artifactRepository version='1.1.0'?>
<repository name='Bundle pool' type='org.eclipse.equinox.p2.artifact.repository.simpleRepository' version='1'>
  <properties size='2'>
    <property name='p2.system' value='true'/>
    <property name='p2.timestamp' value='1362173017814'/>
  </properties>
  <mappings size='3'>
    <rule filter='(&amp; (classifier=osgi.bundle))' output='${repoUrl}/plugins/${id}_${version}.jar'/>
    <rule filter='(&amp; (classifier=binary))' output='${repoUrl}/binary/${id}_${version}'/>
    <rule filter='(&amp; (classifier=org.eclipse.update.feature))' output='${repoUrl}/features/${id}_${version}.jar'/>
  </mappings>
  <artifacts size='32'>
    <artifact classifier='osgi.bundle' id='lk.ninithi.materials' version='1.0.0.201303020252'>
      <properties size='1'>
        <property name='download.size' value='86414'/>
      </properties>
    </artifact>
    <artifact classifier='osgi.bundle' id='org.eclipse.swt' version='3.7.2.v3740f'>
      <properties size='1'>
        <property name='download.size' value='17332'/>
      </properties>
    </artifact>
    <artifact classifier='osgi.bundle' id='org.eclipse.core.commands' version='3.6.0.I20110111-0800'>
      <properties size='1'>
        <property name='download.size' value='107303'/>
      </properties>
    </artifact>
    <artifact classifier='osgi.bundle' id='org.eclipse.core.runtime.compatibility.registry' version='3.5.0.v20110505'>
      <properties size='1'>
        <property name='download.size' value='16890'/>
      </properties>
      <repositoryProperties size='1'>
        <property name='artifact.folder' value='true'/>
      </repositoryProperties>
    </artifact>
    <artifact classifier='osgi.bundle' id='org.eclipse.core.jobs' version='3.5.101.v20120113-1953'>
      <properties size='1'>
        <property name='download.size' value='91069'/>
      </properties>
    </artifact>
    <artifact classifier='osgi.bundle' id='org.eclipse.core.runtime' version='3.7.0.v20110110'>
      <properties size='1'>
        <property name='download.size' value='70526'/>
      </properties>
    </artifact>
    <artifact classifier='osgi.bundle' id='org.eclipse.equinox.common' version='3.6.0.v20110523'>
      <properties size='1'>
        <property name='download.size' value='105624'/>
      </properties>
    </artifact>
    <artifact classifier='osgi.bundle' id='com.ibm.icu' version='4.4.2.v20110823'>
      <properties size='1'>
        <property name='download.size' value='6701203'/>
      </properties>
    </artifact>
    <artifact classifier='osgi.bundle' id='org.eclipse.core.databinding' version='1.4.0.I20110111-0800'>
      <properties size='1'>
        <property name='download.size' value='200967'/>
      </properties>
    </artifact>
    <artifact classifier='osgi.bundle' id='org.eclipse.jface.databinding' version='1.5.0.I20100907-0800'>
      <properties size='1'>
        <property name='download.size' value='275458'/>
      </properties>
    </artifact>
    <artifact classifier='osgi.bundle' id='org.eclipse.core.contenttype' version='3.4.100.v20110423-0524'>
      <properties size='1'>
        <property name='download.size' value='91961'/>
      </properties>
    </artifact>
    <artifact classifier='osgi.bundle' id='lk.ninithi.ebs' version='1.0.0.201303020252'>
      <properties size='1'>
        <property name='download.size' value='49389'/>
      </properties>
    </artifact>
    <artifact classifier='osgi.bundle' id='org.eclipse.swt.win32.win32.x86' version='3.7.2.v3740f'>
      <properties size='1'>
        <property name='download.size' value='2617888'/>
      </properties>
    </artifact>
    <artifact classifier='osgi.bundle' id='org.eclipse.ui.workbench' version='3.7.1.v20120104-1859'>
      <properties size='1'>
        <property name='download.size' value='4166247'/>
      </properties>
    </artifact>
    <artifact classifier='osgi.bundle' id='org.eclipse.jface' version='3.7.0.v20110928-1505'>
      <properties size='1'>
        <property name='download.size' value='1077135'/>
      </properties>
    </artifact>
    <artifact classifier='osgi.bundle' id='org.eclipse.core.expressions' version='3.4.300.v20110228'>
      <properties size='1'>
        <property name='download.size' value='86992'/>
      </properties>
    </artifact>
    <artifact classifier='osgi.bundle' id='org.eclipse.equinox.launcher' version='1.2.0.v20110502'>
      <properties size='1'>
        <property name='download.size' value='47262'/>
      </properties>
    </artifact>
    <artifact classifier='osgi.bundle' id='org.eclipse.equinox.launcher.win32.win32.x86' version='1.1.100.v20110502'>
      <properties size='1'>
        <property name='download.size' value='26085'/>
      </properties>
      <repositoryProperties size='1'>
        <property name='artifact.folder' value='true'/>
      </repositoryProperties>
    </artifact>
    <artifact classifier='osgi.bundle' id='org.eclipse.equinox.app' version='1.3.100.v20110321'>
      <properties size='1'>
        <property name='download.size' value='85218'/>
      </properties>
    </artifact>
    <artifact classifier='osgi.bundle' id='org.eclipse.ui' version='3.7.0.v20110928-1505'>
      <properties size='1'>
        <property name='download.size' value='153179'/>
      </properties>
    </artifact>
    <artifact classifier='osgi.bundle' id='lk.ninithi.materials.fullerines' version='1.0.0.201303020252'>
      <properties size='1'>
        <property name='download.size' value='41881'/>
      </properties>
    </artifact>
    <artifact classifier='osgi.bundle' id='lk.ninithi.libs.j3dlibs' version='1.0.0'>
      <properties size='1'>
        <property name='download.size' value='2343202'/>
      </properties>
      <repositoryProperties size='1'>
        <property name='artifact.folder' value='true'/>
      </repositoryProperties>
    </artifact>
    <artifact classifier='osgi.bundle' id='jmathplug' version='1.0.0'>
      <properties size='1'>
        <property name='download.size' value='334898'/>
      </properties>
      <repositoryProperties size='1'>
        <property name='artifact.folder' value='true'/>
      </repositoryProperties>
    </artifact>
    <artifact classifier='osgi.bundle' id='org.eclipse.equinox.registry' version='3.5.101.R37x_v20110810-1611'>
      <properties size='1'>
        <property name='download.size' value='183035'/>
      </properties>
    </artifact>
    <artifact classifier='osgi.bundle' id='org.eclipse.equinox.preferences' version='3.4.2.v20120111-2020'>
      <properties size='1'>
        <property name='download.size' value='113791'/>
      </properties>
    </artifact>
    <artifact classifier='osgi.bundle' id='org.eclipse.osgi' version='3.7.2.v20120110-1415'>
      <properties size='1'>
        <property name='download.size' value='1364409'/>
      </properties>
    </artifact>
    <artifact classifier='osgi.bundle' id='org.eclipse.core.databinding.property' version='1.4.0.I20110222-0800'>
      <properties size='1'>
        <property name='download.size' value='167964'/>
      </properties>
    </artifact>
    <artifact classifier='osgi.bundle' id='lk.ninithi.xrdplugin' version='1.0.0.201303020252'>
      <properties size='1'>
        <property name='download.size' value='84566'/>
      </properties>
    </artifact>
    <artifact classifier='osgi.bundle' id='lk.ninithi.main_interface' version='1.0.0.201303020252'>
      <properties size='1'>
        <property name='download.size' value='890966'/>
      </properties>
    </artifact>
    <artifact classifier='osgi.bundle' id='org.eclipse.help' version='3.5.100.v20110426'>
      <properties size='1'>
        <property name='download.size' value='257403'/>
      </properties>
    </artifact>
    <artifact classifier='osgi.bundle' id='org.eclipse.osgi.services' version='3.3.0.v20110513'>
      <properties size='1'>
        <property name='download.size' value='71157'/>
      </properties>
    </artifact>
    <artifact classifier='osgi.bundle' id='org.eclipse.core.databinding.observable' version='1.4.0.I20110222-0800'>
      <properties size='1'>
        <property name='download.size' value='296139'/>
      </properties>
    </artifact>
  </artifacts>
</repository>
